{"gameVersion":"h3","sessionStart":"2022-06-04T03:18:16.399Z","lastUpdate":"2022-06-04T03:49:43.361Z","contractId":"0fad48d7-3d0f-4c66-8605-6cbe9c3a46d7","userId":"35384824-9f9f-4f22-b3b4-9ec058968f0c","timerStart":2.555359,"timerEnd":1835.82251,"duration":1843.759155,"crowdNpcKills":0,"targetKills":["78f98c70-b7be-4578-9b6a-1c96a3e1ff1a","c7c9e213-16f9-4215-bf07-dd8f801ce3e0","076f23cc-09d8-423f-b890-74020f53b1d6"],"npcKills":[],"bodiesHidden":["a3949df5-09e4-44e2-9729-50ae494ff3b8","cf44b935-9604-4757-901d-3771860bc357","c4043de4-9c70-4b50-a1ca-8bb39c68ad98","c3eb9d08-ab6c-48f8-918f-35aa5be8a0ab","cd1bd9a6-9201-4c5c-af98-5593c73c2134"],"pacifications":["a3949df5-09e4-44e2-9729-50ae494ff3b8","cf44b935-9604-4757-901d-3771860bc357","c4043de4-9c70-4b50-a1ca-8bb39c68ad98","a8d24110-0839-43eb-a1a0-493d4c485da9","c3eb9d08-ab6c-48f8-918f-35aa5be8a0ab","cd1bd9a6-9201-4c5c-af98-5593c73c2134"],"disguisesUsed":["5a77f988-62b8-4414-bd8f-b47fd457d0bd","d136699a-a244-4789-b332-9a3afc4e3f48","81f55bbc-a120-4757-a778-b73fd775d1a4","06fb2890-e820-45f2-aef3-0cb7d0528ee1","a2cef12c-77d6-4062-9596-cf9d1a47d1b5","b36075a1-b352-4e0f-9d84-84f2bdac6a86","6edb224d-0970-4d1d-8740-5e86d1e7af59"],"disguisesRuined":["5a77f988-62b8-4414-bd8f-b47fd457d0bd"],"spottedBy":["253ffa72-1ecd-4f37-b9af-6d369b607588","dcfe2f5d-0da0-4b70-8ca4-117071cbf443","22cdb031-155a-441f-a882-336dfc7b04e1","49246f55-ee3c-402d-acae-10936d4ec9cc","4852ac89-c9a3-4937-9cff-9351bef01f08","cd1bd9a6-9201-4c5c-af98-5593c73c2134","aea7bd81-188c-474b-bcdc-5798800ff838","231eb3f7-37ea-4930-8d39-e93292fd792b","952c756d-82f4-48e3-8b86-66a5f73c4e85"],"witnesses":["22cdb031-155a-441f-a882-336dfc7b04e1","49246f55-ee3c-402d-acae-10936d4ec9cc","231eb3f7-37ea-4930-8d39-e93292fd792b","952c756d-82f4-48e3-8b86-66a5f73c4e85"],"bodiesFoundBy":["857a0a1c-0db9-41d4-8391-9e4bc1357ae0"],"legacyHasBodyBeenFound":false,"killsNoticedBy":[],"completedObjectives":["424bb008-4b9c-4435-8e01-eaccb118f8cf","7effacb2-77d2-4a9c-86a7-6a69eb0aa1e2","85c5ac7e-55ba-44fc-9225-82e6c1250b51","7161cbf5-af3a-4a1b-b2b8-60437c4e8187","7b55b285-5921-477c-bd0f-559d0a00ec68"],"recording":"ERASED","lastAccident":934.360596,"lastKill":{"timestamp":1589.596069,"repositoryIds":["076f23cc-09d8-423f-b890-74020f53b1d6"]},"kills":[{"KillClass":"unknown","KillMethodBroad":"","IsHeadshot":false,"KillMethodStrict":"","_RepositoryId":"78f98c70-b7be-4578-9b6a-1c96a3e1ff1a","OutfitRepoId":"81f55bbc-a120-4757-a778-b73fd775d1a4"},{"KillClass":"ballistic","KillMethodBroad":"pistol","KillItemCategory":"pistol","IsHeadshot":true,"KillMethodStrict":"","KillItemRepositoryId":"028bcbf4-a0a3-42b5-beaf-163a777164e8","_RepositoryId":"c7c9e213-16f9-4215-bf07-dd8f801ce3e0","OutfitRepoId":"5a77f988-62b8-4414-bd8f-b47fd457d0bd"},{"KillClass":"ballistic","KillMethodBroad":"pistol","KillItemCategory":"pistol","IsHeadshot":true,"KillMethodStrict":"","KillItemRepositoryId":"028bcbf4-a0a3-42b5-beaf-163a777164e8","_RepositoryId":"076f23cc-09d8-423f-b890-74020f53b1d6","OutfitRepoId":"6edb224d-0970-4d1d-8740-5e86d1e7af59"}],"hasMissedShot":true,"hasDoneNonHeadShot":false,"markedTargets":[],"currentDisguise":"5a77f988-62b8-4414-bd8f-b47fd457d0bd","opportunityEventsTriggered":["3bcc7c37-3d5e-4099-9776-d14b1be6e959","d9c7ba7e-3f8f-4ed4-9981-d94b6958b3bd","21eeff62-dc2b-4906-a271-4c3b2731b260","8b7c3665-4ffc-4df0-8141-fd2a9d25d5a5","172cbd1d-3877-4309-97bd-bebfb7b5a71b","87372d06-9d13-4612-be48-6206ee788e56","0145c6e7-5d84-41a8-b711-5ff10e65e7cb"],"hasUsedLoadSave":false,"didStartInSuit":true,"difficulty":4,"sniper":{"TotalScore":0,"Events":[],"BulletsUsed":0,"HeadShot_Successive_Count":0,"HeadShot_Successive_CurrentScore":0,"HeadShot_CurrentScore":0,"HeadShot_Streak_Count":0,"HeadShot_Streak_Count_Temp":0,"HeadShot_Streak_CurrentScore":0,"Moving_Successive_Count":0,"Moving_Successive_CurrentScore":0,"Moving_CurrentScore":0,"Moving_Streak_Count":0,"Moving_Streak_Count_Temp":0,"Moving_Streak_CurrentScore":0,"Kill_Streak_Count":0,"Kill_Streak_Count_Temp":0,"Kill_Streak_CurrentScore":0,"Accident_Successive_Count":0,"Accident_Successive_CurrentScore":0,"Explosion_Successive_Count":0,"Explosion_Successive_CurrentScore":0,"BodyHidden_Successive_Count":0,"BodyHidden_Successive_CurrentScore":0,"BodyHidden_CurrentScore":0,"CivilianKill_Successive_Count":0,"CivilianKill_Successive_CurrentScore":0,"CivilianKill_CurrentScore":0,"MultiKill_CurrentScore":0,"MultiKill_Shot_CurrentScore":0,"ReInitialiseTimer":0,"StreakTime":8,"PlayerId":-1}}