{"gameVersion":"h3","sessionStart":"2022-06-04T04:55:18.898Z","lastUpdate":"2022-06-04T06:31:33.976Z","contractId":"0d225edf-40cd-4f20-a30f-b62a373801d3","userId":"35384824-9f9f-4f22-b3b4-9ec058968f0c","timerStart":1.981579,"timerEnd":3004.853516,"duration":3012.849854,"crowdNpcKills":0,"targetKills":["7eb39f2d-1030-44d2-be82-6df608085ec0","67f39ab8-c25f-48c3-84be-0ec495a553ec"],"npcKills":[],"bodiesHidden":["764b295e-c3d5-40b9-a434-ecd0a301fdd6","bdc07512-8164-4d2c-9c20-1b54c00ae7ae","756fc97e-c31a-4f7b-bb13-05f005fd1366","29a8f83b-8c0d-4f45-a104-0c848b4ca2b6","8c39db8a-7530-4410-9ccc-0b5c3d41ca56","800219d9-e423-4aeb-85cc-7e33c17359f0","d300f765-ef35-486f-9121-908c2938d68f","533d8c2d-6b19-4b4f-ab69-30a41e74f3d8"],"pacifications":["764b295e-c3d5-40b9-a434-ecd0a301fdd6","bdc07512-8164-4d2c-9c20-1b54c00ae7ae","756fc97e-c31a-4f7b-bb13-05f005fd1366","8c39db8a-7530-4410-9ccc-0b5c3d41ca56","29a8f83b-8c0d-4f45-a104-0c848b4ca2b6","800219d9-e423-4aeb-85cc-7e33c17359f0","d300f765-ef35-486f-9121-908c2938d68f","533d8c2d-6b19-4b4f-ab69-30a41e74f3d8","059fedbc-b098-4580-9066-10ec5ae7ea6d","0c775f9b-97a4-4805-a1cc-d1a82dee8fe1","4aca6d0b-eb2f-43a7-bb69-4ef03e4e4b01","17ac6964-c845-4ec7-bfa5-c22bcb2d3cd4","5ff088bc-8eb6-4487-a269-01693dc743ea","e82d4acb-9ca6-45ba-b8ca-72b8c9fc75a4"],"disguisesUsed":["8902f58f-383f-410f-8dbe-611c3530d224","daf223e8-0b22-405f-a3b9-40d2b9992c2f","6565bf3a-aa59-44f5-9b89-ef645f99d4fa","9db0a810-7549-4932-b0ab-9d6241afdc2c","04d72492-1b6b-4e6b-8372-5e65dc209cc4","84c55eed-6891-40b3-9449-6881b53fabdd","58f91772-a202-49e4-a558-159f762d78e3","bef91840-e5aa-4a44-9f2e-30c732b1f7be"],"disguisesRuined":["84c55eed-6891-40b3-9449-6881b53fabdd"],"spottedBy":["0c775f9b-97a4-4805-a1cc-d1a82dee8fe1","f58711ae-1c69-4e22-a71a-8c54044066af"],"witnesses":["f58711ae-1c69-4e22-a71a-8c54044066af"],"bodiesFoundBy":["29a8f83b-8c0d-4f45-a104-0c848b4ca2b6"],"legacyHasBodyBeenFound":false,"killsNoticedBy":[],"completedObjectives":["61f84f6b-4d48-41ba-8e7b-78c2d8e6e577","4ee36cfd-578d-4d42-b03a-61a2d7fed492","0b6010b3-988f-4066-90ff-1f872128aff4"],"recording":"ERASED","lastAccident":0,"lastKill":{"timestamp":2673.730469,"repositoryIds":["67f39ab8-c25f-48c3-84be-0ec495a553ec"]},"kills":[{"KillClass":"unknown","KillMethodBroad":"","IsHeadshot":false,"KillMethodStrict":"","_RepositoryId":"7eb39f2d-1030-44d2-be82-6df608085ec0","OutfitRepoId":"9db0a810-7549-4932-b0ab-9d6241afdc2c"},{"KillClass":"unknown","KillMethodBroad":"","IsHeadshot":false,"KillMethodStrict":"","_RepositoryId":"67f39ab8-c25f-48c3-84be-0ec495a553ec","OutfitRepoId":"bef91840-e5aa-4a44-9f2e-30c732b1f7be"}],"hasMissedShot":true,"hasDoneNonHeadShot":false,"markedTargets":[],"currentDisguise":"bef91840-e5aa-4a44-9f2e-30c732b1f7be","opportunityEventsTriggered":["7df5f11d-c5b6-4ac4-a333-17a6eb7675fe","78009af6-e504-4d79-9cc4-5c058f1d8d09","5df965c0-ac44-4c15-8aeb-cc3bef6a8cf7","1f3ff756-86e9-4a05-96be-79b0b0afd832","13ac726b-cf6d-4452-86b8-de51ab24f09f","875f9f6c-fa12-4661-988f-134d58ab3d85"],"hasUsedLoadSave":true,"didStartInSuit":true,"difficulty":4,"sniper":{"TotalScore":0,"Events":[],"BulletsUsed":0,"HeadShot_Successive_Count":0,"HeadShot_Successive_CurrentScore":0,"HeadShot_CurrentScore":0,"HeadShot_Streak_Count":0,"HeadShot_Streak_Count_Temp":0,"HeadShot_Streak_CurrentScore":0,"Moving_Successive_Count":0,"Moving_Successive_CurrentScore":0,"Moving_CurrentScore":0,"Moving_Streak_Count":0,"Moving_Streak_Count_Temp":0,"Moving_Streak_CurrentScore":0,"Kill_Streak_Count":0,"Kill_Streak_Count_Temp":0,"Kill_Streak_CurrentScore":0,"Accident_Successive_Count":0,"Accident_Successive_CurrentScore":0,"Explosion_Successive_Count":0,"Explosion_Successive_CurrentScore":0,"BodyHidden_Successive_Count":0,"BodyHidden_Successive_CurrentScore":0,"BodyHidden_CurrentScore":0,"CivilianKill_Successive_Count":0,"CivilianKill_Successive_CurrentScore":0,"CivilianKill_CurrentScore":0,"MultiKill_CurrentScore":0,"MultiKill_Shot_CurrentScore":0,"ReInitialiseTimer":0,"StreakTime":8,"PlayerId":-1}}