{"gameVersion":"h3","sessionStart":"2022-06-04T06:49:35.378Z","lastUpdate":"2022-06-04T07:22:44.427Z","contractId":"7a03a97d-238c-48bd-bda0-e5f279569cce","userId":"35384824-9f9f-4f22-b3b4-9ec058968f0c","timerStart":1.275841,"timerEnd":1487.759644,"duration":1495.718994,"crowdNpcKills":0,"targetKills":["ad93e268-3d6e-4aba-bec0-607cb5451ac7"],"npcKills":[],"bodiesHidden":["216804b1-e400-4349-b8c9-e7703bd4fdb8","d6a3b494-28b8-40f7-a95b-bee0edebf384","ad93e268-3d6e-4aba-bec0-607cb5451ac7","928fe230-791b-4f73-a617-ec05c35d6902","ebd039a9-8327-436e-bbcb-738378b95430"],"pacifications":["216804b1-e400-4349-b8c9-e7703bd4fdb8","d6a3b494-28b8-40f7-a95b-bee0edebf384","62755855-8f3c-4588-bcc1-8c30ac5c8314","fb0bdd68-6710-40f4-9524-efdaabc5fc4d","928fe230-791b-4f73-a617-ec05c35d6902","ebd039a9-8327-436e-bbcb-738378b95430"],"disguisesUsed":["84f2e067-70c3-4d79-aa90-53b46b727505","513c0da0-1cb0-4029-85c9-ad9e9522818d"],"disguisesRuined":[],"spottedBy":[],"witnesses":[],"bodiesFoundBy":[],"legacyHasBodyBeenFound":false,"killsNoticedBy":[],"completedObjectives":["a8412294-ed08-4b43-bce0-742962bcdfef","b6dae5cd-31f7-4c81-8ccb-b0b9c58c791d","dc87ba2d-2e2d-4a9d-9fd9-ce005345425a"],"recording":"ERASED","lastAccident":0,"lastKill":{"timestamp":771.330627,"repositoryIds":["ad93e268-3d6e-4aba-bec0-607cb5451ac7"]},"kills":[{"KillClass":"ballistic","KillMethodBroad":"pistol","KillItemCategory":"pistol","IsHeadshot":true,"KillMethodStrict":"","KillItemRepositoryId":"b2d514ba-86d6-456a-be10-7592a30dcae1","_RepositoryId":"ad93e268-3d6e-4aba-bec0-607cb5451ac7","OutfitRepoId":"513c0da0-1cb0-4029-85c9-ad9e9522818d"}],"hasMissedShot":true,"hasDoneNonHeadShot":false,"markedTargets":[],"currentDisguise":"84f2e067-70c3-4d79-aa90-53b46b727505","opportunityEventsTriggered":["e18ca915-d2b6-4a8d-8ac2-661e51c2df84","d9fa1cae-8362-4cc2-b20d-1dc6b953ef27","19019a2b-7d9a-4b6f-aa99-a4c639a1f1ad","bcbd4477-3e9d-4650-a552-b908090bbfaf","49ed98fb-c007-47ac-8d95-45629d12553e"],"hasUsedLoadSave":true,"didStartInSuit":true,"difficulty":4,"sniper":{"TotalScore":0,"Events":[],"BulletsUsed":0,"HeadShot_Successive_Count":0,"HeadShot_Successive_CurrentScore":0,"HeadShot_CurrentScore":0,"HeadShot_Streak_Count":0,"HeadShot_Streak_Count_Temp":0,"HeadShot_Streak_CurrentScore":0,"Moving_Successive_Count":0,"Moving_Successive_CurrentScore":0,"Moving_CurrentScore":0,"Moving_Streak_Count":0,"Moving_Streak_Count_Temp":0,"Moving_Streak_CurrentScore":0,"Kill_Streak_Count":0,"Kill_Streak_Count_Temp":0,"Kill_Streak_CurrentScore":0,"Accident_Successive_Count":0,"Accident_Successive_CurrentScore":0,"Explosion_Successive_Count":0,"Explosion_Successive_CurrentScore":0,"BodyHidden_Successive_Count":0,"BodyHidden_Successive_CurrentScore":0,"BodyHidden_CurrentScore":0,"CivilianKill_Successive_Count":0,"CivilianKill_Successive_CurrentScore":0,"CivilianKill_CurrentScore":0,"MultiKill_CurrentScore":0,"MultiKill_Shot_CurrentScore":0,"ReInitialiseTimer":0,"StreakTime":8,"PlayerId":-1}}