{"gameVersion":"h3","sessionStart":"2022-06-04T07:29:27.015Z","lastUpdate":"2022-06-04T07:47:51.394Z","contractId":"095261b5-e15b-4ca1-9bb7-001fb85c5aaa","userId":"35384824-9f9f-4f22-b3b4-9ec058968f0c","timerStart":69.690338,"timerEnd":0,"duration":527.127991,"crowdNpcKills":0,"targetKills":[],"npcKills":[],"bodiesHidden":[],"pacifications":[],"disguisesUsed":["85f3d0de-7c01-44c0-b8c8-e5967c2562d3"],"disguisesRuined":["85f3d0de-7c01-44c0-b8c8-e5967c2562d3"],"spottedBy":["4e17ee20-26ab-41b3-9b72-5331e226b3d4"],"witnesses":["4e17ee20-26ab-41b3-9b72-5331e226b3d4"],"bodiesFoundBy":[],"legacyHasBodyBeenFound":false,"killsNoticedBy":[],"completedObjectives":[],"recording":"NOT_SPOTTED","lastAccident":0,"lastKill":{},"kills":[],"hasMissedShot":false,"hasDoneNonHeadShot":false,"markedTargets":[],"currentDisguise":"85f3d0de-7c01-44c0-b8c8-e5967c2562d3","opportunityEventsTriggered":["57095852-d261-4365-acbf-af5d0d17a2a3","9b91d8b7-e9b5-4dd0-bc4d-6807f584a6af","44623041-18e8-4f1f-8fc2-b30ce1e8ad9d","77d46c8c-83f2-4668-b4f4-3b6243242152","07e1bbc5-47ee-4894-85a3-cd2140bd2553"],"hasUsedLoadSave":true,"didStartInSuit":true,"difficulty":4,"sniper":{"TotalScore":0,"Events":[],"BulletsUsed":0,"HeadShot_Successive_Count":0,"HeadShot_Successive_CurrentScore":0,"HeadShot_CurrentScore":0,"HeadShot_Streak_Count":0,"HeadShot_Streak_Count_Temp":0,"HeadShot_Streak_CurrentScore":0,"Moving_Successive_Count":0,"Moving_Successive_CurrentScore":0,"Moving_CurrentScore":0,"Moving_Streak_Count":0,"Moving_Streak_Count_Temp":0,"Moving_Streak_CurrentScore":0,"Kill_Streak_Count":0,"Kill_Streak_Count_Temp":0,"Kill_Streak_CurrentScore":0,"Accident_Successive_Count":0,"Accident_Successive_CurrentScore":0,"Explosion_Successive_Count":0,"Explosion_Successive_CurrentScore":0,"BodyHidden_Successive_Count":0,"BodyHidden_Successive_CurrentScore":0,"BodyHidden_CurrentScore":0,"CivilianKill_Successive_Count":0,"CivilianKill_Successive_CurrentScore":0,"CivilianKill_CurrentScore":0,"MultiKill_CurrentScore":0,"MultiKill_Shot_CurrentScore":0,"ReInitialiseTimer":0,"StreakTime":8,"PlayerId":-1}}