[
  {
    "description": "Meow 100 times.",
    "displayName": "A Little Chatty",
    "hidden": 0,
    "icon": "images/84ad792f8cf157869500e1985821e9f679b967b2.jpg",
    "icongray": "images/861732db012c6876383ecae046c288c9490b8ed4.jpg",
    "name": "ACH_001"
  },
  {
    "description": "Jump 500 times.",
    "displayName": "Cat-a-Pult",
    "hidden": 0,
    "icon": "images/2518f9bc02ec621dbc37638da897dc1b9c1a820e.jpg",
    "icongray": "images/54c571353e4ce4649a15f7d2a04392605dadef8f.jpg",
    "name": "ACH_002"
  },
  {
    "description": "Sleep for more than one hour.",
    "displayName": "Productive Day",
    "hidden": 0,
    "icon": "images/2518f9bc02ec621dbc37638da897dc1b9c1a820e.jpg",
    "icongray": "images/b88088d3dceca8a480c3239d6a17e724186fd523.jpg",
    "name": "ACH_003"
  },
  {
    "description": "Dunk the basketball.",
    "displayName": "Boom Chat Kalaka",
    "hidden": 0,
    "icon": "images/b3eca8b38361df92425630289690d4a27984b05c.jpg",
    "icongray": "images/4561ec4547d44ed07c513efafde983ec3bd25d5d.jpg",
    "name": "ACH_004"
  },
  {
    "description": "Complete the first Zurk pursuit without being caught.",
    "displayName": "Can't Cat-ch Me",
    "hidden": 1,
    "icon": "images/aee4e3a50fe13b620f0c2df4585853f46fdf66a8.jpg",
    "icongray": "images/217121cf9ccdf204eff4b8d569405c011e0dfd88.jpg",
    "name": "ACH_005"
  },
  {
    "description": "Go through Midtown without being detected by the Sentinels.",
    "displayName": "Sneakitty",
    "hidden": 1,
    "icon": "images/fba1ea5f10a369724c5901f884775c76544bf0b8.jpg",
    "icongray": "images/cc178b78fc4c4feb41abc76642801f2899ba321b.jpg",
    "name": "ACH_006"
  },
  {
    "description": "Die 9 times.",
    "displayName": "No More Lives",
    "hidden": 0,
    "icon": "images/f106d21830a13d6701b9de6c9bf48466eb219543.jpg",
    "icongray": "images/c04ba2753615ac583a3e2aedbe52c0bd3fd42f55.jpg",
    "name": "ACH_007"
  },
  {
    "description": "Scratch the vinyl in the club.",
    "displayName": "Scratch",
    "hidden": 1,
    "icon": "images/d9abf2496b25dc21afc12c0443eeb5ac9b599de0.jpg",
    "icongray": "images/81390270afa68cc4f5fbde35acb74270a917b97e.jpg",
    "name": "ACH_008"
  },
  {
    "description": "Complete the Sewers without killing any Zurks.",
    "displayName": "Pacifist",
    "hidden": 1,
    "icon": "images/ca3003d52af8471ecfd7f4c9f083a93688e7bbb6.jpg",
    "icongray": "images/5b71f9484f1d7b1a24e58d8f59a18102804406a3.jpg",
    "name": "ACH_009"
  },
  {
    "description": "Complete the game in less than 2 hours.",
    "displayName": "I Am Speed",
    "hidden": 0,
    "icon": "images/21bbc641196e281fbf2fe8e85f86e715ba862fe0.jpg",
    "icongray": "images/8668ba29acfb32a74203fd84ac7000af1cf3b0ba.jpg",
    "name": "ACH_010"
  },
  {
    "description": "Fall inside the city.",
    "displayName": "Missed Jump",
    "hidden": 1,
    "icon": "images/3c84e3d510df3768bbc527d7af61f66e2bb93143.jpg",
    "icongray": "images/0615ae26f3e1f8e58eca5bc2fc8da132ba30ec82.jpg",
    "name": "ACH_011"
  },
  {
    "description": "Meet B-12.",
    "displayName": "Not Alone",
    "hidden": 1,
    "icon": "images/32d19821f42314ca40b7e0870731d0071ba8e33e.jpg",
    "icongray": "images/1132e0d59f81a88cb66d56c0740867e4234b04f5.jpg",
    "name": "ACH_012"
  },
  {
    "description": "Have B-12 translate a robot.",
    "displayName": "Cat Got Your Tongue?",
    "hidden": 1,
    "icon": "images/2e18b438c305dc6ea37591f7051ace8518df59f0.jpg",
    "icongray": "images/2be87d2a08645bbbe83b43bf274f49606b7febbe.jpg",
    "name": "ACH_013"
  },
  {
    "description": "Reach Midtown.",
    "displayName": "Catwalk",
    "hidden": 1,
    "icon": "images/cf54ede9692c34aff32abff5db7263894ec8a310.jpg",
    "icongray": "images/e0d5679d2e147deb97313732bbaf134365882f51.jpg",
    "name": "ACH_014"
  },
  {
    "description": "Go to jail.",
    "displayName": "Al-Cat-Raz",
    "hidden": 1,
    "icon": "images/3f05244c491db481c10f4b5143fdc27c6ddad757.jpg",
    "icongray": "images/16e6f1c88c308bdd74c468317e766935d887bb0e.jpg",
    "name": "ACH_015"
  },
  {
    "description": "Complete the game and open the city.",
    "displayName": "Eye Opener",
    "hidden": 1,
    "icon": "images/e9377a09b35343b28e6de8fe8329e57d6698903a.jpg",
    "icongray": "images/5767e44191d043d03b1b78bcb8eaed694b42c7ad.jpg",
    "name": "ACH_016"
  },
  {
    "description": "Bring all the music sheets to Morusque.",
    "displayName": "Meowlody",
    "hidden": 0,
    "icon": "images/559cf9d551e552fd3b9bb098d3442f26625d6c2d.jpg",
    "icongray": "images/7d2054519790cd52d744d84aa77ac2a4afa500f7.jpg",
    "name": "ACH_017"
  },
  {
    "description": "Wear the paper bag.",
    "displayName": "Curiosity Killed the Cat",
    "hidden": 0,
    "icon": "images/d651729c1f0fadd92329aa7874c11588f9b17a1d.jpg",
    "icongray": "images/869900fc1285528dc9a28d3b19856088ad7bebf4.jpg",
    "name": "ACH_018"
  },
  {
    "description": "Try to play mahjong with the robots.",
    "displayName": "Cat-a-strophe",
    "hidden": 0,
    "icon": "images/1694a2147b178ae519b0a9222ebe504fda55cada.jpg",
    "icongray": "images/a4c046c5529909653b5a9966d96f595f61950611.jpg",
    "name": "ACH_019"
  },
  {
    "description": "Nuzzle up against 5 robots.",
    "displayName": "Cat's best friend",
    "hidden": 0,
    "icon": "images/836a8f7fd750bcf2ee94984a71bbcc9224ddf8fd.jpg",
    "icongray": "images/70709408a0fa3d129267f64c5031619b95bec462.jpg",
    "name": "ACH_020"
  },
  {
    "description": "Gather all B-12 memories.",
    "displayName": "I Remember!",
    "hidden": 1,
    "icon": "images/c00c12f1f72d7cfe7e8f548b2b7bdf78fad6bfea.jpg",
    "icongray": "images/813cf25868a21fda7e6858f06cf54e70b5c69603.jpg",
    "name": "ACH_021"
  },
  {
    "description": "Browse through all of the TV channels.",
    "displayName": "Télé à chat",
    "hidden": 0,
    "icon": "images/f6fc3295cd0b4882e4cb208495b229c232869ab8.jpg",
    "icongray": "images/ed06552cd72e0c7f38d4e0e2ec7da358c7a85381.jpg",
    "name": "ACH_022"
  },
  {
    "description": "Collect all badges.",
    "displayName": "Badges",
    "hidden": 0,
    "icon": "images/b4504bbcabcd5c515ca244190bfaab37585d5851.jpg",
    "icongray": "images/a83041bd6a402d6785fdd759d05002cb43bfe25e.jpg",
    "name": "ACH_023"
  },
  {
    "description": "Scratch in every chapter.",
    "displayName": "Territory",
    "hidden": 0,
    "icon": "images/9dce3d1f5a19ad395b8618a8f0cdb88b84ad38ef.jpg",
    "icongray": "images/8a4c7413d1c7a7dd6c0ed2e31b541ff709a93b85.jpg",
    "name": "ACH_024"
  }
]