{"Id":"35384824-9f9f-4f22-b3b4-9ec058968f0c","LinkedAccounts":{"epic":"bbd8868ce5a6464981bf401f3b021a6c"},"PeacockCompletedEscalations":[],"Extensions":{"PeacockEscalations":{},"PeacockFavoriteContracts":[],"PeacockCChild":{},"gameclient":null,"progression":{"XPGain":0,"secondsToNextDrop":3600,"secondsElapsed":200,"LastScore":0,"LastCompletedChallenge":"00000000-0000-0000-0000-000000000000","Locations":{"location_ica_facility":{"Xp":0,"PreviouslySeenXp":0,"LastCompletedChallenge":"00000000-0000-0000-0000-000000000000","PreviouslySeenStaging":null,"Level":1},"location_paris":{"Xp":0,"PreviouslySeenXp":0,"LastCompletedChallenge":"00000000-0000-0000-0000-000000000000","PreviouslySeenStaging":null,"Level":1},"location_parent_coastaltown":{"Xp":0,"PreviouslySeenXp":0,"LastCompletedChallenge":"00000000-0000-0000-0000-000000000000","PreviouslySeenStaging":null,"Level":1},"location_marrakech":{"Xp":0,"PreviouslySeenXp":0,"LastCompletedChallenge":"00000000-0000-0000-0000-000000000000","PreviouslySeenStaging":null,"Level":1},"location_bangkok":{"Xp":0,"PreviouslySeenXp":0,"LastCompletedChallenge":"00000000-0000-0000-0000-000000000000","PreviouslySeenStaging":null,"Level":1},"location_colorado":{"Xp":0,"PreviouslySeenXp":0,"LastCompletedChallenge":"00000000-0000-0000-0000-000000000000","PreviouslySeenStaging":null,"Level":1},"location_hokkaido":{"Xp":0,"PreviouslySeenXp":0,"LastCompletedChallenge":"00000000-0000-0000-0000-000000000000","PreviouslySeenStaging":null,"Level":1},"location_newzealand":{"Xp":0,"PreviouslySeenXp":0,"LastCompletedChallenge":"00000000-0000-0000-0000-000000000000","PreviouslySeenStaging":null,"Level":1},"location_miami":{"Xp":0,"PreviouslySeenXp":0,"LastCompletedChallenge":"00000000-0000-0000-0000-000000000000","PreviouslySeenStaging":null,"Level":1},"location_colombia":{"Xp":0,"PreviouslySeenXp":0,"LastCompletedChallenge":"00000000-0000-0000-0000-000000000000","PreviouslySeenStaging":null,"Level":1},"location_mumbai":{"Xp":0,"PreviouslySeenXp":0,"LastCompletedChallenge":"00000000-0000-0000-0000-000000000000","PreviouslySeenStaging":null,"Level":1},"location_northamerica":{"Xp":0,"PreviouslySeenXp":0,"LastCompletedChallenge":"00000000-0000-0000-0000-000000000000","PreviouslySeenStaging":null,"Level":1},"location_northsea":{"Xp":0,"PreviouslySeenXp":0,"LastCompletedChallenge":"00000000-0000-0000-0000-000000000000","PreviouslySeenStaging":null,"Level":1},"location_greedy":{"Xp":0,"PreviouslySeenXp":0,"LastCompletedChallenge":"00000000-0000-0000-0000-000000000000","PreviouslySeenStaging":null,"Level":1},"location_opulent":{"Xp":0,"PreviouslySeenXp":0,"LastCompletedChallenge":"00000000-0000-0000-0000-000000000000","PreviouslySeenStaging":null,"Level":1},"location_austria":{"Xp":0,"PreviouslySeenXp":0,"LastCompletedChallenge":"00000000-0000-0000-0000-000000000000","PreviouslySeenStaging":null,"Level":1},"location_salty":{"Xp":0,"PreviouslySeenXp":0,"LastCompletedChallenge":"00000000-0000-0000-0000-000000000000","PreviouslySeenStaging":null,"Level":1},"location_caged":{"Xp":0,"PreviouslySeenXp":0,"LastCompletedChallenge":"00000000-0000-0000-0000-000000000000","PreviouslySeenStaging":null,"Level":1},"location_golden":{"Xp":0,"PreviouslySeenXp":0,"LastCompletedChallenge":"00000000-0000-0000-0000-000000000000","PreviouslySeenStaging":null,"Level":1},"location_ancestral":{"Xp":0,"PreviouslySeenXp":0,"LastCompletedChallenge":"00000000-0000-0000-0000-000000000000","PreviouslySeenStaging":null,"Level":1},"location_edgy":{"Xp":0,"PreviouslySeenXp":0,"LastCompletedChallenge":"00000000-0000-0000-0000-000000000000","PreviouslySeenStaging":null,"Level":1},"location_wet":{"Xp":0,"PreviouslySeenXp":0,"LastCompletedChallenge":"00000000-0000-0000-0000-000000000000","PreviouslySeenStaging":null,"Level":1},"location_elegant":{"Xp":0,"PreviouslySeenXp":0,"LastCompletedChallenge":"00000000-0000-0000-0000-000000000000","PreviouslySeenStaging":null,"Level":1},"location_trapped":{"Xp":0,"PreviouslySeenXp":0,"LastCompletedChallenge":"00000000-0000-0000-0000-000000000000","PreviouslySeenStaging":null,"Level":1}},"PlayerProfileXP":{"Total":0,"Sublocations":[{"Location":"LOCATION_ICA_FACILITY","Xp":0,"ActionXp":0},{"Location":"LOCATION_PARIS","Xp":0,"ActionXp":0},{"Location":"LOCATION_COASTALTOWN","Xp":0,"ActionXp":0},{"Location":"LOCATION_COASTALTOWN_MOVIESET","Xp":0,"ActionXp":0},{"Location":"LOCATION_COASTALTOWN_NIGHT","Xp":0,"ActionXp":0},{"Location":"LOCATION_COASTALTOWN_EBOLA","Xp":0,"ActionXp":0},{"Location":"LOCATION_MARRAKECH","Xp":0,"ActionXp":0},{"Location":"LOCATION_MARRAKECH_NIGHT","Xp":0,"ActionXp":0},{"Location":"LOCATION_BANGKOK","Xp":0,"ActionXp":0},{"Location":"LOCATION_BANGKOK_ZIKA","Xp":0,"ActionXp":0},{"Location":"LOCATION_COLORADO","Xp":0,"ActionXp":0},{"Location":"LOCATION_COLORADO_RABIES","Xp":0,"ActionXp":0},{"Location":"LOCATION_HOKKAIDO","Xp":0,"ActionXp":0},{"Location":"LOCATION_HOKKAIDO_FLU","Xp":0,"ActionXp":0},{"Location":"LOCATION_NEWZEALAND","Xp":0,"ActionXp":0},{"Location":"LOCATION_MIAMI","Xp":0,"ActionXp":0},{"Location":"LOCATION_MIAMI_COTTONMOUTH","Xp":0,"ActionXp":0},{"Location":"LOCATION_COLOMBIA","Xp":0,"ActionXp":0},{"Location":"LOCATION_MUMBAI","Xp":0,"ActionXp":0},{"Location":"LOCATION_NORTHAMERICA","Xp":0,"ActionXp":0},{"Location":"LOCATION_NORTHSEA","Xp":0,"ActionXp":0},{"Location":"LOCATION_GREEDY_RACCOON","Xp":0,"ActionXp":0},{"Location":"LOCATION_OPULENT_STINGRAY","Xp":0,"ActionXp":0},{"Location":"LOCATION_AUSTRIA","Xp":0,"ActionXp":0},{"Location":"LOCATION_SALTY_SEAGULL","Xp":0,"ActionXp":0},{"Location":"LOCATION_CAGED_FALCON","Xp":0,"ActionXp":0},{"Location":"LOCATION_GOLDEN_GECKO","Xp":0,"ActionXp":0},{"Location":"LOCATION_ANCESTRAL_BULLDOG","Xp":0,"ActionXp":0},{"Location":"LOCATION_EDGY_FOX","Xp":0,"ActionXp":0},{"Location":"LOCATION_WET_RAT","Xp":0,"ActionXp":0},{"Location":"LOCATION_ELEGANT_LLAMA","Xp":0,"ActionXp":0},{"Location":"LOCATION_TRAPPED_WOLVERINE","Xp":0,"ActionXp":0}],"PreviouslySeenTotal":0,"ProfileLevel":0,"PreviouslySeenStaging":null},"TimeDropDelta":0,"Unlockables":{"firearms_sc_hero_sniper_stone":{"Xp":0,"LastCompletedChallenge":"00000000-0000-0000-0000-000000000000"},"firearms_sc_falcon_hm":{"Xp":0,"PreviouslySeenXp":0,"LastCompletedChallenge":"00000000-0000-0000-0000-000000000000","PreviouslySeenStaging":null,"Level":1},"firearms_sc_falcon_knight":{"Xp":0,"PreviouslySeenXp":0,"LastCompletedChallenge":"00000000-0000-0000-0000-000000000000","PreviouslySeenStaging":null,"Level":1}}},"gamepersistentdata":{"IsFSPUser":false,"prologue":{"proceed-intro":true},"menudata":{"newunlockables":[],"persistentdatacomponent":{"destinations":{"sub-menu-selection":"destination_category_season_1"},"planning":{"difficulty-selection":"hard"}},"destinations":{"sub-menu-selection":"destination_category_season_1"},"planning":{"difficulty-selection":"hard"}},"PersistentBool":{"__Full":{"FLAMINGO_OPP_PITSTOP":true,"FLAMINGO_OPP_EXPO":true,"Hippo_opp_UndyingLove":true,"Hippo_opp_Backpacker":true,"Hippo_opp_DeadlyArt":true,"OPP_DANCER_UNLOCKED":true,"Opportunity_Mongoose_Barber":true,"Opportunity_Mongoose_Tailor":true,"Opportunity_Mongoose_Kashmirian":true,"Opportunity_Skunk_ForSale":true,"Magpie_opp_Initiation":true,"Magpie_opp_Vote":true,"Polarbear_opp_Jet_FPS":true,"JetCompleted":true,"CUBA_FPS_COMPLETED":true,"Spider_opp_Printing":true,"Spider_opp_Masseur":true,"FLAMINGO_OPP_ANDROID":true,"Hippo_opp_HeartOfStone":true,"Hippo_opp_Submarine":true,"Showstopper_opp_Helmut":true,"Showstopper_Clue_StageSchedule":true,"Showstopper_Clue_Decker":true,"Octopus_opp_Morgue":true,"Octopus_opp_Biolab":true,"Snowcrane_opp_Heart":true,"FLAMINGO_OPP_BLACKMAIL":true,"FLAMINGO_OPP_VENDOR":true,"Octopus_opp_doctor":true,"Opportunity_Skunk_Server":true,"Opportunity_Skunk_Smokes":true,"Opportunity_Skunk_HealthCheck":true,"Romance":true,"Octopus_opp_Romance":true,"Octopus_opp_flower":true,"FLAMINGO_OPP_CHECKUP":true,"Magpie_opp_Funeral":true,"Python_opp_Escort":true,"Magpie_opp_Necklace":true,"Snowcrane_opp_Pilot":true,"Spider_opp_Interview":true,"FLAMINGO_OPP_SAMBUCA":true,"Spider_opp_Evacuation":true,"Opportunity_Skunk_Exterminator":true,"Opportunity_Skunk_Mole_Holes":true,"Magpie_opp_Effigy":true,"Magpie_opp_Meeting":true,"Octopus_opp_Burn":true,"Octopus_opp_Ghost":true,"Opportunity_Mongoose_LostLove":true,"Opportunity_Mongoose_Laundry":true,"Octopus_opp_Detective":true,"Mamba_opp_Lawyer":true,"Showstopper_opp_Saboteur":true,"Bull_opp_Hostage":true,"Bull_opp_Interpol":true,"Copperhead_OPP_Pyro":true,"Bull_opp_ExlposiveWatch":true,"Snowcrane_opp_Smoking":true,"Showstopper_opp_Interview":true,"Opportunity_Skunk_IntelGather":true,"Python_opp_Landlord":true,"Polarbear_opp_Overhead":true,"SlidesCompleted":true,"Mamba_opp_Stage":true,"RACCOON_OPP_EXPOSE":true,"RACCOON_OPP_TERMINATION":true,"RACCOON_OPP_IT":true,"RACCOON_OPP_JOBAPPLICANT":true,"RACCOON_OPP_VAULT":true,"STINGRAY_OPP_GUNFORHIRE":true,"STINGRAY_OPP_THIEF":true,"STINGRAY_OPP_WATERJET":true,"STINGRAY_OPP_DOCTOR":true,"STINGRAY_OPP_SHAPESHIFTER":true,"GECKO_OPP_GREY01":true,"MURDER_MS_REVEAL":true,"REVEAL_TESTSUBJECT":true,"Opportunity_Elegant_PrivateTour":true,"Opportunity_Elegant_VintageYear":true,"GECKO_OPP_ASSASSIN01":true,"GECKO_OPP_GUARD01":true,"BURIAL_MS_REVEAL":true,"PHOTO_MS_REVEAL":true,"Opportunity_Elegant_OverTheTop":true,"Spider_opp_MeetingZaydan":true,"REVEAL_THEMEETUP":true},"4d45b6b0-3bea-4a84-a837-923ec5872fb7":true,"fb685b8a-b5b1-465b-a3bc-10c09c83980e":true,"01e2731f-d686-4fb6-a611-3263f62f61d7":true,"c02116cb-a445-43f5-873a-ff264f1d63a7":true,"47338df6-5ce5-4887-b116-29b69c3e6265":true,"fcd96d85-9fee-4138-8b5d-1604b2a4d1c0":true,"c7fea58d-bbeb-4912-a57c-63da5ff2c3a1":true,"6e9227f9-f84f-4260-95c6-0a4043392289":true,"2f19b333-38f0-452c-88f0-507c53889c6b":true,"0539ec8b-5552-40c1-afab-21b1e0f5d4b6":true,"c826ff33-a409-4ad3-af0d-954bf46f6473":true,"0c6a4c48-426e-41f7-990a-c99b3a5dbeac":true,"a9e3cfb0-b389-4806-8b68-96cacc01cdf2":true,"d3143913-0bd9-41b8-9286-7c9de947717e":true,"d5ddb055-0eac-43fa-a8f0-b96d77376e11":true,"664cb6c0-13e2-4462-a041-2737dd339b7c":true,"ea55f619-8031-4236-bc0f-33684bf743c8":true,"ba1ccbd0-8e6c-4997-a4fd-327d76f94555":true,"ddfba054-89a0-489e-9276-6a1abe6ee045":true,"0799ea58-135a-4e30-b981-b67aec10c02a":true,"c128558d-a7ea-4881-b76d-39524b08a368":true,"bb195b55-1f8f-46a6-b6cd-f8398a92a405":true,"d39be7f3-81b6-4b02-93fe-09fa25713744":true,"bff57764-973c-4947-9b3b-cfb24fd6ed0a":true,"c8a15c3b-90cd-4f5a-a39e-47680b07095a":true,"1efff9b3-53b9-45d8-b760-70e7ad86c4b3":true,"8bb39e43-c407-4ae5-9594-82ad1c27ed87":true,"609935c5-4bab-4899-95ad-66fdf0e702a6":true,"8ca3628e-fbc0-4d15-b6bc-b01c33eefe38":true,"2ffd421d-a1d6-4ceb-b51f-59c704ad6009":true,"10aac0b3-1838-4c19-8433-b983867a0fe1":true,"0fcdacd3-6c26-4d58-b51f-4be8c86d9363":true,"9445e7c4-255c-463a-9e4c-5f9e61c1cac5":true,"921cfebf-1421-4639-aa68-959b913e06af":true,"2a73b26e-6bed-4f48-b988-70303852730c":true,"4b8cc3df-6a08-46b7-935f-d9d44fd0430c":true,"d9192e6e-6fb7-4919-9f50-895461608cda":true,"e581be47-b9ad-4d1f-a1c6-389548664fce":true,"061e9eaa-053e-4993-83e6-f65151b197d2":true,"a748cc90-e637-4d4c-9db8-f6ff26638f73":true,"693c7388-88ed-4d81-81c5-b01dce7c7904":true,"c57486e7-f524-4431-a98a-93552a1ae7c4":true,"b896774f-7bf0-41f9-a25d-d15c9826499f":true,"3b9da2b3-673f-4b95-9aed-afc460e9f948":true,"6aba57c7-1056-4760-ab7f-20fee1cd96bf":true,"7c3d70b8-ee15-42f1-8c5e-3c9575065538":true,"879bd2f0-350f-4fa8-8f27-156278dbbdfc":true,"0b10541c-853a-4591-b9f8-4cb774db2038":true,"f37ce1e4-0991-472b-a706-2e1cd909d24b":true,"2ef19e96-f382-4939-b088-e0210dc26fb4":true,"b7e2ab06-d515-4fec-9c78-4e5b9d0684df":true,"360a684d-7ac0-4b33-b61c-283c893ccfaa":true,"4a370b00-e545-4532-9526-e8fb8cc0276d":true,"82408c4f-91a8-47ee-980c-2eacda6742be":true,"9ea2417b-0923-4072-b38f-6c7eef897347":true,"07cd769e-d8b4-4fa2-96a3-04dda9c1c8ec":true,"8a2cd252-014a-4e82-99a6-9d9d58042c61":true,"33a094f6-f9da-4b61-916e-2a3eeeaee347":true,"ce060ce0-ec0d-43ed-8a2b-2ed4ac266fcd":true,"cea7cde8-1255-4295-8721-f03e01e52077":true,"0838dd34-177b-4343-94dd-0f36ad3e2e1c":true,"4db49997-593f-4184-b300-c9aca2d89e85":true,"dd9ceecd-6af3-4140-84ed-4f4879596b60":true,"cbd4a716-3ede-4a2a-9cb5-2a0e02da4dec":true,"7b70d1a3-c4cb-48fd-9e6b-1f6a5492b46d":true,"3b61abb1-036c-482f-8929-bdd682204fb0":true,"d857ee36-bbec-44d8-bac2-93f8049a013b":true,"f5a9568d-b0f7-4357-b779-d68ad3a6b13a":true,"6dd80cc3-a340-444a-bdc7-d38d5be608ec":true,"51735d6a-f2d2-4220-9620-cda0a49c5e62":true,"7d90e493-38b0-4cb4-912f-a25918a39c39":true,"e77ed237-0a33-4f22-bd41-7b6f020e30dc":true,"cd0f01cd-55b5-4732-b45e-412fb5c82df3":true,"c7e67da1-7e96-48e6-954e-4575ab467de4":true,"88e8164c-1f94-4ba7-a7a7-02bc9a26ef35":true,"f5ba1feb-a97a-494a-b83d-be6324a390df":true,"c1c9dae5-be69-4db8-9222-a832e6d3ffa0":true,"d5468cad-bcb7-4a93-bf93-a66bb69fccf2":true,"67aea9b7-41c9-42be-b2de-b20ee69bf1e4":true,"3f3bb46c-2bd2-4364-b156-625e81f66197":true,"f4bea0c2-36cb-450f-810b-72f85ca9af2a":true,"11c85132-8a37-4bc1-abdc-3f212c5cc748":true,"49a91688-43f3-452b-a9c2-9d9556f56783":true,"1a21104e-ca2d-4dd1-85d7-85d48a88e1f3":true,"729dda06-a7db-4531-96bd-47a0b753dad7":true,"3ca45f79-dcc4-42d1-9ea6-5686a6798dc2":true,"fed14f6b-7f8e-4cd7-a5da-55c43ab994e5":true,"6d422ff8-45e6-45b5-aa29-c0a92d77963f":true,"b0a3bc03-ce93-4b2f-bca5-ceade9493c23":true,"d23ed95c-7bff-487b-8cd4-632fef66d6e8":true,"15d4fd47-9f05-4251-b57c-7b5d67fb6b0c":true,"54b3beb0-e350-49a3-9bdf-25ffc357e8ab":true,"f55fd90c-a4c2-4a71-b0b2-c81aaefa0a22":true,"670c29ce-a2fe-4ca4-9e7c-087bceff94d0":true,"8bd6d0ff-2ad4-4874-8b1d-c349f1a44dab":true,"b7d881cc-7265-413f-8347-97b730201271":true,"f3e5a903-aec1-4ab2-a98f-0636f44ba7d3":true,"1cefb7d7-bbcf-4c5b-b337-73a7ed991afd":true,"f773056c-8de8-4e4b-acde-0645cc106b1b":true,"720f7b87-8ba5-43b0-962a-9ec32ef80226":true,"6f4ac2bc-3282-4577-960d-288eb36645a1":true,"3a2d82b7-15f7-41a7-9093-bd9e0a31c2b9":true,"92d3c018-6a62-4e4b-9b59-51ba1adfee0b":true,"1e60efa5-70b1-4311-bb73-ad980441336e":true,"b319f412-9126-4ec0-82f7-54ec69b99b84":true,"39cfb80d-40d3-47ce-a9fc-d3297f06e480":true,"55fd103e-f5eb-4417-82fc-07f8d5c725e8":true,"33588f25-4ba4-4803-8a12-d630cd88d31f":true,"857da092-3771-4e2e-b7f6-a74f1239a6a7":true,"04e20522-3e02-4933-aabb-3725b68b5d41":true,"9fff0f4d-f620-410f-83fc-d626ecb44ce1":true,"a07f37ee-3ec3-4ac5-a8bf-d49c3f93b13d":true,"b6aad357-1e6f-44d4-aea9-813c8391dfb4":true,"7046f770-65f1-4ed9-bb0b-b9d95259f4d0":true,"17222c0a-a7e9-477a-a526-2b87082e1bbc":true,"b946e0e1-8f57-4599-8a31-a76096af7526":true,"f8266f7b-b198-43b8-afff-d791cf8560fc":true,"4bfe6b32-fb03-43e7-a9c7-5abc8957907b":true,"8eb99417-0ace-456e-bbb3-0121a41c4b91":true,"13c670b5-e827-42e9-8f74-1ca41b96fd54":true,"9fb5ae60-6fa2-412d-8d2f-d575dc3837c9":true,"0fb371b1-bd4a-4a48-ba4c-264644c5143c":true,"8b0bb2f7-adf0-44db-84e6-5b720c42ef40":true,"690e5f20-d399-449c-947a-b1fcd5b5cf4f":true,"807dada3-3843-4e9d-8fea-ba4f621f3544":true,"46bc8760-fb03-49ac-9d54-b2e6561162db":true,"18d7883d-ac97-455f-91cb-25b583a561d7":true,"4cef918f-bc29-4f23-a380-543a393ad8e4":true,"326b34c3-c9eb-40b8-af7e-f947efc698de":true,"f3a0b854-dc4d-4622-9646-afb80e8b213b":true,"be5016d3-06d9-4a5c-b07d-3d6c9ed77fe2":true,"eb0a64b7-918a-4beb-a7e1-99d104444000":true,"819aa003-f44e-4ee1-b876-95474040dc50":true,"d5e8b2b7-5c3d-4b46-ae0b-7abc4712d9c3":true,"6a8c4571-b3d8-4b50-8761-37c44a0c8096":true,"c81e60ae-b1d3-4542-b415-91a7567040c6":true,"013513f4-7306-4f51-8551-d437b4a58c8d":true,"fcbfddc5-51cb-4010-bf43-9b8b22418831":true,"bd8a9ba9-0562-4b3c-8820-fbefd455bed1":true,"7222bdf7-e0a8-48e7-86ae-b514d078c71d":true,"2c59b5e8-d790-4f65-96c9-0b82e510efcc":true,"ce628f19-d90f-45b4-88b9-7e89c436e636":true,"d9dec8fe-9cb8-4f15-9e20-2ba08bae6c02":true,"5b1b614a-d066-4a9a-8119-ce6e5ad55f67":true,"3b1cda78-2e36-4792-a8bb-74e0c425e1e4":true,"738e9229-cdee-4bff-855e-9863b7e6074a":true,"5a169e08-6001-4d84-9ced-92856faefccb":true,"7e742fd9-2516-468e-82b1-a3df4a61b58d":true,"9de536ad-69a7-4de8-a7cf-eb4a8c2095a5":true,"51a9f165-eae8-4f2b-b647-686dd0a23908":true,"d694a298-81d8-4eef-9175-be742f872617":true,"10933668-336a-4586-9d08-5021f852c6f0":true,"74a847c0-cc60-4962-b973-d7ac56231e6c":true,"d877e233-ecb6-4f9e-ae4b-9aef7cce0828":true,"8cb8900a-9702-4daf-9cda-0dbd9a56a2df":true,"878d81ef-c93a-426c-9a46-2c6a7d5b73ff":true,"eceb357d-e30d-45c0-be49-dcc1c09be248":true,"3570553e-4761-4a66-98f4-59508df1e9b0":true,"61e7ff3a-0f93-4e8d-8f03-b4bddbfd7977":true,"59c0c4ff-c5b6-47e9-9fbf-5262b90072ad":true,"0dc8f798-e8ed-42a3-a1c2-cd435ab3b563":true,"3263fbbd-4d74-42ae-b3c9-be5a38247313":true,"b5747043-92ae-423f-b74b-27a0aa4ad4c6":true,"545c1bed-a8ce-4f23-9565-781435b75a5f":true,"0168b3f5-1c37-488f-990a-98883b005228":true,"03d3f2d3-915f-4b94-8877-5ecef5c736d7":true,"0b21d5a8-ab60-4d82-b197-51c3a48b7b83":true,"09e1504d-75c4-455b-83d8-72488025b2a5":true,"a179dfbe-db56-431b-9343-31c6273fb1e9":true,"c4e4ef95-5851-48f7-90f0-b2f7132acc81":true,"e0ae63f5-68fa-40df-b450-17c4e3c0d1c0":true,"21da1b6b-711a-4977-8849-4496e97ab7a4":true,"0fa9fae2-d770-4718-8ad4-5283c14a817b":true,"99ed2afb-8142-4b83-957b-221bd3c8fc76":true,"373b83c0-aec6-444a-9afe-e7d015de07ce":true,"31660f7a-93b7-4de7-a08d-33b4678583c6":true,"001047b5-d151-44e2-9e94-1b22d3bd50ee":true,"0b8acfcd-2237-420f-b3ca-7e87603839ab":true,"1fd122a5-f740-4030-aa6e-a364d41e809c":true,"63f7d217-31c5-4a31-97e8-b02029657718":true,"84041e78-2ed4-46ae-bd22-91686e0eb375":true,"78d1fdf2-bc29-471b-a2d0-d5b8017ae578":true,"9754f97d-7c15-4dce-b4cb-09116eb0ce9b":true,"1452e55e-7ca8-4b70-bcf1-0d5406f6cac2":true,"62257927-edaa-425e-8f1c-f3812b3119e3":true,"93d30a34-2e78-478c-adfa-1a2d7c0928b9":true,"769a50ed-ae0c-46fc-8b53-fe08d6841d77":true,"5e44a1ea-2a5b-43bd-a9bb-ccbd6d5d2800":true,"80f68593-c188-49b3-9608-cba5fbcacd19":true,"dbeb2e2f-8bd7-4060-aa40-8ff155dade2d":true,"30813ec2-155b-4b7b-a2b7-adfb3b4dddd2":true,"25aade1a-5168-4e3a-a11b-50c82c987632":true,"becc839b-5389-4e95-b27b-e9f10741f4e8":true,"83163874-65d9-4cc5-8d3a-192cb280761c":true,"f4b6a4e6-b521-4b93-ba82-53371d984ad6":true,"fd88dba5-7290-42fa-ab07-ea1a4c657456":true,"adaa45ae-0d2c-40d7-a3e3-fdd66516ebff":true,"49f85669-ee52-4f13-9061-5eee7ec02308":true,"8fd69d36-eb98-46de-93fe-75a90f2c5a72":true,"620713b9-7ddd-481b-8067-cb96488b6ccf":true,"4190acb4-7c94-4367-84ae-341e3c8cb83e":true,"eb09cd1a-8e7c-4f28-9ce9-ada18075eb6b":true,"2e691053-cf0a-421f-a197-2df55d4adb82":true,"959c19a3-59ba-4cca-a0d8-c79776d5f759":true,"00f242d9-118f-4377-b879-717b1b8f1ed5":true,"6bf07043-6e55-4ce8-8cd9-017dc3530314":true,"c3e00d4a-446a-44f4-9641-03eee02e97f3":true,"8438e542-0c6a-4842-80eb-df19c3ca7962":true,"8101d972-bef9-4fee-bb04-3b6fcadf5aa5":true,"f70d4c78-49c7-4b83-8959-e7c4a9edfea3":true,"54e27589-cb6c-4bb6-b8ec-e390ffeb2e83":true,"bc227880-e04a-478a-8e9f-55ec115c8469":true,"85a92d89-a77b-474f-ba97-582bcab3b31b":true,"6c854adc-e5d8-46d5-a2d7-9cbb71025e23":true,"372701ff-b3a4-4d74-9a84-2cf4f2270e9f":true,"0f51f7b2-3334-407c-98b4-00e11435a479":true,"4a676a48-2aa1-43a2-b0bf-9255dab0df3c":true,"0b060daf-74d1-48ba-991c-ae1a8b6fd5b9":true,"a3c61bed-4906-43ec-a907-30179de93fc0":true,"79048940-a39a-44f9-a711-9309ca40be7e":true,"fe74f70b-c060-4673-ab30-e9c762dcc2ce":true,"18287488-0351-417b-9026-a5e5241a244f":true,"883e9c8d-f333-4542-b2f6-6d8cd35cbc35":true,"0c30fb52-1990-48ac-9045-54d1311d0b19":true,"1e6c2437-1b3c-4a3c-b03f-b2d80fcd9ed2":true,"e4ecd0d7-1534-4d51-a777-933b32f6e57a":true,"f7d2660a-d6c2-418a-8afe-3a64e50af371":true,"25c26db0-7df3-42cf-95bf-76e2f85b533f":true,"cb596018-64be-4a05-949d-dbd8b576a82b":true,"7c401550-fd2c-4f02-b07f-0aab20e973d4":true,"36a6c8cb-f2f7-408a-bb66-67639f7d5152":true,"3417a29a-a751-4be6-8678-41ad5129edc1":true,"551ed5e6-244d-4027-ac55-e46ebc1cce53":true,"ee89becf-72ab-4037-95b2-3a659182b0a4":true,"1819711b-0cfa-4e4a-b680-2177a29d7dd5":true,"93f2ca36-ef45-4f49-8af7-96d664ab3d45":true,"7eeb4915-61a9-492b-ada4-4c9fcf20141a":true,"a2307b9f-41e4-4639-a45f-91b37665c50d":true,"ebcab230-bfa8-459d-b040-08ba2fba47f4":true,"66db12e3-175a-4cf7-a1d4-b1a1b6bac01b":true,"fbbe20a8-ac09-471b-af7d-7de9922fafce":true,"3d0b52a8-bceb-44d5-881e-ab1f1180006f":true,"99e1e191-0a51-4b84-9770-1a615700693d":true,"66e03bf3-333e-408d-84a5-197a41aace54":true,"6b077900-ca13-461e-b4aa-e4c1de0caffb":true,"c39b50c6-6e06-45db-ab15-11158cccf8f4":true,"f3a933c3-12b0-43a1-81e0-4efc6a73d69a":true,"073d1a6b-e86b-4313-8d55-b497db576780":true,"cb32449f-72a5-4349-a0d8-48758121d41f":true,"481075f9-4281-4e3a-a8d3-9cc309173459":true,"ce9e79d8-8a73-408f-b09c-91915a98c2df":true,"5684ce2c-de97-45c7-882e-eede2caeb069":true,"d6313e81-9ed0-451f-a0d8-2812e7db8550":true,"6391ad79-af27-4573-8c9a-555bd648474f":true,"1a6b9f7a-d973-4385-81f6-681b8a5b93d0":true,"4a06ebe8-7aae-4b76-92d7-cb6b1a6cde36":true,"b2272bd6-9552-41fb-a9c3-f69fbf1326ab":true,"ab6cdbb5-0f2f-41e3-8c66-c449c0a6fe13":true,"2d67911b-a481-4062-87eb-6069ebf17b57":true,"2c84c24c-32b7-431e-b966-a5fe8e694b86":true,"d3dcf0e8-1aec-4252-a6ad-ef29c6b36540":true,"2530baaf-ce6a-4757-9a95-3cccaabefd03":true,"a6b28a7e-bd49-4276-bcc4-9ee449a0b08e":true,"f7fd23ba-ba35-4edb-9a3d-430a7cb64c3b":true,"89807e87-33da-4564-ad18-8b7110b208db":true,"5040a323-9d7a-4233-8dee-f5389c54043f":true,"882a6ad7-9c35-47d8-a28e-c93353058c94":true,"ad72eece-2942-4513-81c3-8bcbaf8ed441":true,"09c4648f-d9f8-4621-8468-982f821fbb8f":true,"208294b2-d977-42bd-aed4-f375bfdb57ff":true,"0dc8d52c-aa3c-4871-9d0b-7c379e6ec9f1":true,"565ecb25-f844-4a6f-b82e-437f31e59d71":true,"050973b8-6fae-45c5-9d0f-4f371edadff7":true,"5580ed44-e57b-4288-b091-f1b4d2a11aab":true,"a461aedc-77ab-4c58-888c-c3107b980b20":true,"07803d0a-2523-4532-9163-3c9173eca97b":true,"1d3fc639-82d3-4450-9a68-181f1b9fb956":true,"7f2abbea-60dc-4a63-94de-844b570be312":true,"eb4313de-5631-420c-b853-923b4c0d4fd6":true,"14453bed-12f9-4f2f-acc2-2c79b13cfb55":true,"d6cf410a-3f8b-4282-91f9-1f9538da1ffb":true,"a1ddac5e-4a4b-4f34-aa9d-50926cc18c51":true,"4b858849-c275-4d98-9507-e3ec7620180b":true,"a5dacb1d-c6dd-46b8-8b15-79635fdfe062":true,"40c4c82a-c298-4d06-9315-b8f07c955b56":true,"73123bb7-3fef-4e82-bda7-5bd4cc81ca28":true,"fe4deebc-64c1-4f3c-96ad-c372f761143a":true,"cdda0058-3360-4e24-8c3e-e5bc72349e32":true,"19040299-63bc-4096-b288-cda8a182f20c":true,"b4b0d2dd-e374-4e9f-8be8-d1541f83f45c":true,"e0234985-cfcc-4d6e-9e0c-4daf2d5e7721":true,"c5e8bda8-e741-463f-8cb7-54c7df8ef39b":true,"40b2b379-4123-4c51-a78b-3294fb5b178c":true,"f5690446-6245-4407-8230-019171426723":true,"47ae2e83-60b9-430f-89cf-063e31f31fb8":true,"559bd6fd-55c1-4cdc-a7b9-c9478cbaa0a6":true,"44765ace-488e-4de8-8e8e-7745a64fae5f":true,"a5d68c0e-2b49-47b9-96a9-1ea06732065e":true,"3cca9df4-09f7-46c3-9454-08a05adeabcd":true,"c66dab8f-0c24-42c9-9373-672984b92c36":true,"579bebdb-a81d-408d-86f2-5413359ff43e":true,"1457437a-380c-494c-9a4b-8cfbee782524":true,"d6069864-c51a-4de5-a458-d18cb5d6607f":true,"ada6daab-1aa6-4408-8db0-31e0344204d7":true,"b77b0c1d-bba3-477b-8243-700cc45ad8da":true,"d8f97f6b-a9bc-49b4-9a75-c661c18f2be3":true,"3b48581c-5d40-460f-b389-aeaaef2c2a10":true,"473e8875-0ee3-45fe-9e95-b54dbe63b04c":true,"8a9452c2-f332-4c03-9275-ebe348cc5823":true,"ba645a47-6959-4c8a-9067-c595f34b9c8c":true,"310bf0b3-f2b3-4aaf-8adc-567cace952e1":true,"e833c190-7ba7-4615-b41d-7c2526a98346":true,"debad344-1ecd-40ab-ad35-328a0947e349":true,"84065971-ac83-4bde-98bd-5f70c445f903":true,"6647250b-be70-488a-a7ef-5b12e381d49c":true,"7d0fbf02-5f74-4a86-85aa-2ae38ddd9e87":true,"f3c24800-f980-42dc-a779-4deb5d577e40":true,"50ee462b-04ff-41de-967a-1314fe41adac":true,"da267818-a1cb-4912-ba1f-67c2dec9c349":true,"5aecafcb-f35f-4e9d-90c8-ba3ad9443409":true,"9ee72274-1f26-43e9-b304-34ee787e05d7":true,"4480e353-01c9-4182-aacb-63ebc4e31842":true,"2202d772-3134-49e1-9b2f-277fa9234a2b":true,"15ea982d-0c9b-49c8-92cf-522041026586":true,"1f43a3f1-79c8-462b-b450-9743931a21eb":true,"93f94c88-aee8-4d65-a9cf-7a5f31f2e11a":true,"8b3fc487-2290-4f49-9e33-2499808ecae2":true,"43d4fd8e-11f4-4d1d-9907-92ff3f7b7442":true,"9d05905a-15b6-48be-ab38-558d5627da79":true,"98a2ce02-11c9-4f6b-a7c4-68a33e4b8f36":true,"ecd3f9c9-b7cd-4a73-a685-4ecb8f319ee6":true,"15dfbfec-4e65-4ff8-948a-7a6677fafcfc":true,"2ffdacd4-53d5-426b-9058-cdfdcdf68d01":true,"43d165f5-5195-4326-b92a-d660387eecdb":true,"4aa454f5-3b2f-4147-b021-56f9b62d67a8":true,"1ab19b14-0e8a-4aaf-aaa2-f4b21563c12f":true,"684f565c-c9a4-4278-8a5d-3d6f49676d0d":true,"a7ba9392-b5f8-4d6e-b0d3-e54735dbb2e9":true,"26982570-9deb-4df0-a352-ceabe3cc4771":true,"ababa267-a4ec-456f-b835-2c5625fe067b":true,"446a82bf-68b6-4af6-a777-b18106049970":true,"b78d3ceb-e86a-4c16-8de0-831dcd9c44c8":true,"1e519f33-5ec3-4b9a-ac11-0e42ed9cd5a3":true,"da29fb31-ad7d-4b5a-9e75-eb327ce6d27e":true,"8d25a173-6e0d-4b53-af80-8d5fba03ee37":true,"6e0e8eb8-9769-4463-bdec-e0b09ce82454":true,"da56d197-5e67-4191-8403-782d89136dcf":true,"a8a7c5ce-33d8-4d7b-b518-f2c95230fc39":true,"378bff48-bb30-41e5-b510-766decbbcad6":true,"cdae6de4-aec3-41e3-9acd-ca5e6898ea64":true,"6081d9b9-34c3-4a42-bfd9-fe55b75c936e":true,"4f1b8f64-7e48-43f7-9893-0d47777a6823":true,"ca279b58-195d-45dc-b641-5a62a4adba90":true,"533691a6-c760-4554-b7cd-33390d6bd85e":true,"1e04f56a-7bd7-4dec-a7a6-9210de340fae":true,"c247d7c7-2aa2-4804-b2bc-d12a2e22e903":true,"a0878c81-f8b3-4f63-93fe-0d54f4e676f1":true,"a52513a6-776f-46cb-969f-9f0f2c58306c":true,"901f5dc5-7ced-4355-bfb9-156f837ef2df":true,"7052f529-db4b-4e18-8e61-faec98b7b059":true,"81191813-d744-452c-986a-2762e88df930":true,"a3c7c747-7d0d-410c-a400-8ae257990f18":true,"85e8ce8a-4748-4a1b-bf46-6edc23caa729":true,"c973d903-80a9-48c2-b1c8-b3f0518fecdc":true,"6961e628-69bb-46ec-bc9e-7305838638c5":true,"291dbf31-f9e4-4e0c-9875-dbeee56eb3d2":true,"e57395c2-1f21-42d7-b03c-a0d72b3eb322":true,"5846a29a-8844-4982-88a3-6271f7f31d37":true,"515cc6db-896c-4c3d-9201-ddd60d943500":true,"144dd3a1-8237-409f-a839-f4ef323351c2":true,"f01e6c9e-efd2-461e-8bf9-03c4bc810dee":true,"3c4c05e3-9733-4ee0-872e-7d9252675861":true,"abf1add0-734b-4f4b-9d23-7038289d0bf3":true,"96010837-2319-4253-a46f-12222f184fba":true,"f5b83204-2e47-480e-8ea3-3a592e769ed1":true,"9a642776-4538-494d-b8bd-070ed8eb945a":true,"eec72c2f-d33b-43a7-9156-5eb3a9db23be":true,"6907628f-2c48-4ef8-b035-ca4298242611":true,"409889c1-b46c-43a4-8366-8e6d15f09e88":true,"cef80066-75f7-45b0-9a10-6f222cf17841":true,"7cff7833-8ca2-4f75-ae72-47a2ec424425":true,"8576fc28-4068-4e08-b800-bbbe59fb8ee8":true,"6d800293-31f4-4c1b-82af-2ad1d6a1eebc":true,"8e287dbd-df95-40b0-b0af-208d631679cb":true,"04a82edb-36ca-4d4f-8c24-49a82025ad6a":true,"ef08f4f8-e228-4953-a5fc-5f7002381a76":true,"3ce455f3-b6b6-45ee-a36f-63cb3b2e9695":true,"0e7b4ed0-3fd4-4084-a50c-b537ccea122d":true,"94743c77-9323-4a10-b1d7-b60fc5339dd2":true,"80f23950-0ef1-4efd-bb5c-6b3b1b9c42b5":true,"70c132fb-2ae2-4d9d-8e90-aad1fb1b9d67":true,"e1ffe41d-1877-4cbe-b2d6-6d63a88243b3":true,"8198b939-d37a-43e3-a5cb-ba38b70b1543":true,"1caa95b2-d0ab-4927-91bc-6f111268a60a":true,"889f4d9f-5a7a-4a69-b1ce-2a5a33716d32":true,"cab7a1e7-8284-44a8-b4b6-f614373d8626":true,"e3ab64ce-5c2c-4260-9ef6-fcba5dcfec32":true,"88d3a5d0-730e-431a-acaf-daa0f45e8cf1":true,"5ca6a287-c4fc-4735-b98a-686822c8efc4":true,"88095832-25d3-41fd-bf23-eb8794e17bc9":true,"c8fc824e-5a92-451c-8b33-ae328ad80325":true,"01819791-5a5e-4367-be2b-89eb591b189b":true,"48f47a8d-a4f3-472a-a2f7-4df270561c9d":true,"d9428663-f01f-4888-b84c-139baa833e1e":true,"b9aead38-3a22-4074-a167-f6274bf90563":true,"ab885c26-102b-4806-b7c0-4d0603523481":true,"d2921ace-9e38-4b47-9a0d-001beeaae38b":true,"388191c6-91c5-4f83-9a51-fba4db0963fb":true,"c027217b-38db-4d4d-b9ec-40348db122a2":true,"9aa29238-78ed-4c7d-85d6-2f778e511806":true,"4c7e23ef-d085-4554-a8fe-5149b12ca01a":true,"b6380099-c2c3-4975-8d70-9df7dc3f9097":true,"2a7e3f56-8a3f-442a-9d5d-f2e74ec855db":true,"0cfa4c4e-0f87-410d-bc6b-bc1a1133eb02":true,"2afd3e1f-c98d-43b9-96d5-8556acf7679e":true,"aa50d32b-4c00-49a2-acd4-d6992e39818a":true,"1751386a-9ee2-4268-bf32-bfb0a8827599":true,"2cc090bc-22d4-497a-aa36-c00e5040f9ed":true,"e02a5d77-a5c4-4b14-937e-98bf7cd154d9":true,"39aba11e-e0b3-419e-9466-c6a7e72de9b0":true,"f759d00e-b244-46d0-ad9d-352c52a916f2":true,"820b9f36-0196-4603-9061-2636f9d19155":true,"13428f49-3bbd-4a88-8962-52209b6c667d":true,"e4aa5797-9133-4c77-8562-0a333e2759c7":true,"b58a1ef1-4197-452b-8bd9-4033e8a18afe":true,"1b9b1148-ff40-4742-bf3e-e59b6cabce30":true,"d29e2928-58d9-4492-81ca-e9fab5ad1fdf":true,"8a9caee1-390c-4e01-9b74-7298ecafdf73":true,"87d61748-f0e5-4128-9643-b1ac646ea89f":true,"2e170652-2d3c-4041-b20c-99436831e8d8":true,"51d3bc2a-2d27-44f9-b6d9-5ed08f3df624":true,"a89b817d-a455-4b16-a765-99ac5839ad9e":true,"043b6a60-59b4-406b-a655-5151dba7739c":true,"67deb1f1-556b-4eba-9e8c-54517fffd380":true,"b1f5a66f-2bee-42ac-95f5-8f9719c14a16":true,"69091a04-9413-4c5b-8249-75412dd32dc7":true,"3025e4bb-03f2-443a-b8de-8a3226c3dcbd":true,"c6fbd15b-6b6e-4bf0-947d-a3d0a3509e93":true,"4b4e4e43-e53b-4721-8106-8f31cbb6407f":true,"224e05f6-dd2f-464e-a628-f6302182d1ad":true,"1c798ddc-2fe3-47bf-93c9-bdbfbf9a61bb":true,"5cfef1f8-05ff-4610-bb90-9a3136e0533d":true,"1f430aa2-7380-4eaa-bcc4-34066d8d909f":true,"715c48c2-2db0-4d69-921b-6002336f7a2d":true,"32906559-80b9-4b60-835d-2415f2a8f8c0":true,"7ededd60-54e5-4ad5-b68c-d8e43bd4374b":true,"0e59f150-0a67-4aba-9d75-f7015f832a9b":true,"6adc11b2-1c09-4589-9191-ec1679355d7f":true,"8818ee6b-6175-40c4-924d-429387de1080":true,"ecddc558-eff6-4686-868c-de78cf3836a5":true,"a8d04685-9426-4b2b-aa7e-5aaec611aa79":true,"14d7ebbc-4c49-48d7-94eb-f38d8ceb9e24":true,"fce9ede8-2099-49d4-a053-c32974e363bb":true,"abc5270b-1ec9-46a4-a018-0ceab5edb037":true,"2d1b1539-a3c7-4457-88c0-243a15a83fe3":true,"4eab6672-fcc9-4271-8971-b7834225e25d":true,"c4826e13-e538-428b-8042-d36536492fde":true,"8d895e29-2956-4601-9dc0-b5e4a4c30da0":true,"785a547f-1ebf-4e06-a0f1-82f9e431e192":true,"54ef7bfe-ad2e-4ac9-a6d3-a07461d1bb46":true,"721372d0-3395-45c0-ab65-51b61c78be50":true,"cbfb3226-108c-4043-86d4-95803bfef57c":true,"e70a67e2-617e-45dd-a4bb-5ca9da8e3790":true,"7dcf6df3-acd5-4511-bb42-08c7370e8ef3":true,"c77604b5-79ee-4191-a896-e69388abbe01":true,"71294478-5578-4f11-a510-c0478e3471a3":true,"d6d904ef-3231-4b3f-a7fb-9ac019c69eb7":true,"8415570f-6ac0-4a74-b2d6-03a9bed28f81":true,"06c295c5-4407-4e59-8d40-09bda84910df":true,"fe753405-7f19-466b-bdc9-7eef25201adb":true,"7da6d9b1-2880-402c-9f7f-7e755027489f":true,"6a832dee-ce92-4ff7-9246-abf76cbbc5a3":true,"85ec53fa-9a02-4679-9f81-b5a2427d992c":true,"d113af1d-ba3b-4108-a4e0-52cfa8a62b96":true,"ad223625-1c6f-4673-a004-ab3dd94be5ea":true,"960662ae-4c62-4eb3-8c2e-de425b67342d":true,"a9dde2e8-4b18-4e27-868d-9b6f596bf428":true,"6f58b343-1eb2-4bd9-830b-e4e765450006":true,"b6ad1157-5f9e-4b08-b598-38be67b94d0f":true,"e51fb199-1109-4276-968c-e54a0dd733df":true,"43524133-d0ad-476e-8dfe-8ac1c0eef285":true,"08c2150b-e6bd-411d-bab0-e0397721983d":true,"34766973-8f32-447d-acc6-b9cf6cd16170":true,"eedc0fce-8785-4919-8de6-8be918480d31":true,"20d11220-511f-4022-851e-9edcb08630f9":true,"9f76de89-bb12-4513-9259-cb159a530165":true,"d899de58-6984-4d31-a829-fb1043cd3605":true,"8bf368b4-df4f-4085-8bb9-5b66f9189554":true,"33637334-5b47-43a9-99d7-bae6996f9037":true,"06a29dcb-d4ec-4024-bbc2-d7cfd17807ff":true,"7c13f263-1d8f-403c-9ab8-8af74b595d9b":true,"3e992cb6-013a-4f78-b95d-418d20756f17":true,"848f8ac9-079e-407c-8d6a-00ff969944b9":true,"74cc4e34-9f17-400c-8bff-dffc6e672cd2":true,"641d964d-0730-4206-a5e0-e94fb045b323":true,"cf661ef3-5937-4a98-a26b-a78e7e221e8d":true,"3e47814a-d868-41fc-9f3b-ef4af9580daa":true,"f1199fce-ead5-46fb-9e48-af8d30d30e49":true,"767870df-5c20-4729-9e7f-7721bbd30f77":true,"b2a39ec9-f195-4d5f-ad42-ae45aa699a20":true,"a0e45e9b-506d-4c6f-9861-ccffee63d203":true,"c59fc896-a29c-4a9e-9071-4b5f156ceaa8":true,"ccc16400-02a7-429b-a21e-cd41829295d9":true,"a38497be-4bf1-4947-8a2c-94176ca23a4a":true,"c1395b7b-8839-43e3-b41e-b9f0efea4328":true,"4717031a-02b7-4ed3-938c-0bcce3b989ac":true,"77287ff9-b1e3-4d0e-ad33-9658326a7b9b":true,"88b3b0ac-d244-4253-8ed9-b2c9db2c39ec":true,"8e853cca-c244-46cf-a78d-4a82de2876b0":true,"59009d46-126b-4ded-8965-466fda5b005a":true,"08c051b3-8510-47dc-807b-8bf98810f4e1":true,"1fbc1455-2f30-438a-9ae8-fca3218f52c9":true,"e2d49dcb-3b13-45ff-b7f2-8be48d42cebf":true,"256aa8d4-51b9-43ab-844a-a2460029b1ea":true,"e5b9883e-f709-4345-a3cf-e36205ccf7a7":true,"4c5f24ff-45f2-47ac-b082-94a50516ddec":true,"cee34f2d-4c66-42ff-864f-936e81288a90":true,"935cd4e2-1a94-44c0-b688-bfa91fa8c203":true,"1db537ee-c77b-4224-aa4e-974c19da293b":true,"16bc9e3d-66ea-4fb0-942b-a55807e8586f":true,"47a0ce11-084c-486b-82de-38c89697352f":true,"7f95392c-c452-4d1f-9892-11127e2defff":true,"7ebb55e9-86e2-4dec-8dd9-6c5f96d40cb3":true,"9c9c33a6-02cf-4a7e-a6e3-2ee03b7bd76b":true,"82e77251-91e2-41b3-bb11-e1ef7ff7cb84":true,"5342771e-ee79-4ebf-a794-5e9af708cb72":true,"94124266-8256-4c6e-b91e-2c629b1e2c22":true,"a7fbca33-9db1-4fb2-a67a-9fc5abb18735":true,"ccc55d0b-13ea-4849-ae46-e0dc64082345":true,"75f425c1-4c7f-4d57-9567-5472c072df46":true,"c302d63e-7796-4eaf-8d6e-8576403bbd4d":true,"3edcae83-432c-444d-a91b-3a632d0e878c":true,"5118db7c-5c17-4bac-9b72-0cbdf7c7c68d":true,"f0b0289b-3453-4d3b-aef7-a30d0be9e6ea":true,"f2f851dc-d84b-439e-9847-92e8df77dfdb":true,"13b824ea-2f33-4d0e-bb21-f2905b54ccac":true,"2d523527-82ad-4883-91d3-018f89cc592d":true,"f66a1383-ace6-428c-99ea-0e518e053df7":true,"2e754001-3fc9-48d0-af54-58ecf0d0823b":true,"c701130d-f5cb-4c68-96df-1fcfa211d2f3":true,"4f4ca235-fb0f-489d-96ba-c07237ef8a38":true,"3d5305fd-98fd-4935-b7a5-356cbe91f069":true,"ec0a3be8-8ca8-4a82-ae88-44f5c81784a3":true,"cd0964d2-40b0-446d-a7f6-2ae51bdecb12":true,"c4090943-a83c-4f51-b8d3-f413e49d4ace":true,"63e37cbb-a2eb-495c-97a6-90860c3104dd":true,"1fbd075a-7f9f-4662-a0a7-fbdc3dddf11e":true,"c21af2d3-a68c-4127-8df0-1de46e7aa392":true,"6d62b062-cfd5-4ca0-bbab-b738336ddbbe":true,"bf3f4ef6-325b-4880-b339-c6b861f4da0f":true,"294a444a-a3f9-457a-9bfb-717ccd226006":true,"93d36cf4-7c72-40a2-b3c4-34fb02ede6b2":true,"3d643e0e-8a6a-4126-b493-e27b58db04b1":true,"0f9baf02-34e2-4693-ae81-f152b2e052cf":true,"623abab1-a6ad-4012-bafe-a5f1c327ef92":true,"412db2b5-1459-416b-95ed-936a1c70b9ed":true,"193d42fa-ab0b-483c-a21d-8341d8f3a59c":true,"1024f08f-8732-45c3-8769-1932881379b2":true,"433e0f9d-58e4-4a9a-9f51-7b6ed843fdac":true,"6bc471a3-09d5-47eb-b13c-f1bdfd289cf6":true,"aa6eba51-28c3-45a7-8d5a-6889a8ea6173":true,"50275762-013d-4a48-8e79-a82bb26fb000":true,"908d15ff-6693-4b0a-b1f8-8cffc4e3bbee":true,"88a14b6f-204c-449d-baa3-8b68cc5a20fd":true,"9eebdc5a-1ff6-4f10-9344-76059338caa2":true,"c34dc974-3db7-4fa8-b66b-4a435df63f29":true,"b33a2669-8ee7-42d0-86f0-0fad5f3ec894":true,"a710a3d6-24d3-4efc-8310-af6649776180":true,"507f7173-ef04-4626-ad63-8434de32a5c7":true,"521df989-a1fc-46c5-a772-7d95fa9a625b":true,"a72d5c0b-f07e-49f4-a776-bf530f905285":true,"62c1d4c1-3aa1-4a13-8471-78569089952f":true,"5149ef40-aac6-428f-a223-bc50b393ee95":true,"b6fa0eb9-e836-4a70-bcfc-9b71f14c559f":true,"dcc5fc53-00f8-4410-9a5a-09c9f3951e56":true,"58b9ee92-30fa-48b3-8398-1bdf3f55586f":true,"6103940b-f6b9-433d-8935-55ed34d91301":true,"3db0d37c-2b27-4f40-a32b-a056652c8a2d":true,"8841275b-519f-4671-a998-df090c6620a6":true,"db30b1da-63d8-4058-b5a6-b5216eefc34c":true,"789b8905-73df-4cf1-a1f4-cf252e07f3a7":true,"ee4eec21-23a7-4d70-965a-df568794f00a":true,"a531e696-ce75-4c1d-8551-0a6dca3087e5":true,"cda7d400-3082-4c6a-a81f-d9c9fa1e64a4":true,"055d0d3c-73de-43b4-a1ea-e1e150753ef3":true,"dd945da9-c3e4-4d8d-9a81-afc9354d49ed":true,"a5d245f1-07a4-46cd-bfd3-9d4a17187931":true,"78ac7bf9-c8a1-4994-a953-6cf6ccb40b2f":true,"a0a95e87-b764-4dea-bc61-4d6c8beeda53":true,"f4ff2288-3957-4d24-95d5-94daa649571e":true,"74743659-5641-4b97-bf56-59423f8280d0":true,"82e50ca3-9908-469f-9118-c5955ae82818":true,"9faa6f71-b1b4-45d1-a4c9-ff9f2a7a0cfe":true,"667f5b63-6896-413a-be54-2ddbbecae548":true,"994ba107-f403-4d76-89b1-fd1c0d7f68de":true,"ef2386c6-f579-4631-ac48-62d968eb8d3c":true,"83c29a46-50ba-43d8-9a78-526fd76c30e4":true,"67d8001d-3736-4d8d-bdf6-aa3c0fa62848":true,"66927f69-ba1c-4910-9f6f-efdecfe92bf4":true,"2d3e1c7e-12d3-4eaa-8291-7542eaf830f9":true,"0ea922f3-a5fd-4392-ad5b-11d84d90d6a1":true,"f2dc4ff3-91ae-4374-8b10-e31f079a5b58":true,"75b3f331-2d69-4e96-8ce5-de2f82865f1d":true,"c5c08110-11b1-4f46-9faa-3a5adda2f2fc":true,"10b1212c-71a0-49ea-b140-7ee2c8e6ef3f":true,"eed87874-5a23-4230-a5ba-220e90372721":true,"72db2871-a24c-4fa9-8f78-25c9a004ee02":true,"068dc309-f4e7-4551-9719-31e064f4cc6e":true,"24806303-11f7-4c71-a3fc-412f8095726c":true,"ccc19da4-6a05-4355-8cb2-4466ceb5b4fb":true,"1b3c8b9b-17a5-407f-ad4f-4bdca3779a8f":true,"3f2bfeb7-4cb0-4a56-b37b-dd5768b04a03":true,"d51d2d4a-6cf3-4643-a0c6-ed17a1f0a80a":true,"3485dbc5-a088-49b8-aaa4-14b26045e6ae":true,"20263647-00e8-4a7d-855c-2dc8ba4d6b4b":true,"4e6c96b0-70f0-4bb4-be36-3b5afbfe533f":true,"ce2b58c0-9279-4d1f-af40-413dde35d09d":true,"3fb19b74-f818-4c65-8018-42dc37ccd298":true,"9f2c99b0-1f6c-4c95-a8f0-76ac78666e0b":true,"19af817d-a942-417e-978e-8864b39e8556":true,"1d4bbedf-a349-4d2e-b374-c51b4d94b6b1":true,"a4f98af3-2aab-4ada-803c-cffc1b13f4c2":true,"6d09a88f-da32-4368-b8be-d4ab0c66152f":true,"25221ea4-3e99-4c1e-9cdd-dd02c2063248":true,"b1a85feb-55af-4707-8271-b3522661c0b1":true,"3a479ece-ebb2-4327-9d9b-b83291874794":true,"2bf91975-0da8-436d-8b4c-ce1c5727bb6e":true,"fdea3ead-783c-45da-b31a-713faa0bf07c":true,"4be75ba3-4916-4660-9f5b-8f12b3250c7a":true,"210f75bf-8094-4a4a-90f3-da23b4e73ad9":true,"7e8f3cf1-fff8-4dc6-9157-e87e316159b6":true,"c508908e-2cef-4679-8499-2f6c9873fde8":true,"bab13148-ca59-4214-b332-e7060429fff4":true,"228996e6-5fff-4f76-95de-484ee941c0ab":true,"9b2a753a-93e7-4044-a4fa-bc7738805578":true,"5b630176-2d35-4328-b1b2-51df4c2c0bb3":true,"294ad6dc-829d-4f29-8721-f86735603009":true,"32d49faf-0082-4754-a641-a00f1f98a28c":true,"6f141022-c1a9-4e6e-8a56-da57966dfbc7":true,"3548a3fb-f278-4e53-b9bb-e87e710525d6":true,"2c2cb05f-cf02-42eb-b060-6911d5c9fab8":true,"a49792ef-6634-4582-b0cc-415d6dff4677":true,"34d218c2-17f8-4ca5-80e9-ea078401a1d3":true,"4ac3239f-754c-4099-bbf2-8d67e245106a":true,"ff17e7c6-4046-4d0b-8dc5-214f2f27e855":true,"ca0a9c2d-5c81-403f-98ab-e72cf3925343":true,"030205b0-8183-4515-93b1-1c81115a9db1":true,"c3e459fb-fe8e-4acf-a937-d6b24f69ea8e":true,"a7ff8af0-5a03-4ea9-894a-f951f3d616c7":true,"30ab86a5-a051-4fd9-9a19-5412f36df207":true,"6e91c963-75bf-45e3-872b-05c690fe2a31":true,"fcf81c3d-7277-4da2-b8f1-d7b4a996e10b":true,"f4cfd9a9-c55a-4183-b5f4-e7fa2caf014d":true,"69844629-cfd4-4ffa-9fb0-1d30723b6c1e":true,"7a2da0dc-beb4-4e76-a2ba-8159b5e4a665":true,"6555fdd9-3cb8-4e87-b9c5-4c4a896d281b":true,"9ca4a825-d384-4365-a852-5e4818242f76":true,"479688bf-640f-40d6-ab5e-16933d16f78a":true,"34dbfd01-50bb-41df-a7c0-28e1dd65972f":true,"e3a5342e-1d77-405f-9b67-bf4f07dffa58":true,"5746e89e-bfc1-4f85-9d89-30148a0a16fe":true,"ff4f4299-9ad8-4a4e-a31b-91b25014bf12":true,"63d62e9d-ec5c-40e3-829f-a75a454c69c9":true,"03d8c094-2bb7-4da1-96ae-3187be6a17cc":true,"5575f12b-0073-4f46-84f3-96828cc68d9e":true,"545faee9-14e7-4b37-8644-d6b138fcbfd7":true,"8708cb36-9d42-43ea-8c4f-1622b8a92655":true,"768b33d6-ce4b-4d5b-9fa4-7c5f125570ab":true,"9f34f263-5752-45f7-8768-69006202f999":true,"cd619d09-8bf6-46e8-8bac-e84161872068":true,"e33a1677-2172-430f-8d12-10fcda0e0102":true,"f7578cb5-d828-47f1-9c0c-f6ac3103c989":true,"9b2e5310-8b98-43d2-8079-21a54b05ecdf":true,"2e1d70c2-01e7-4113-bc23-be7f28d8fb4e":true,"f22ecad8-f960-431a-a071-161f4b889e8a":true,"cb92bfbd-5646-4db0-baae-a5113edf5fa2":true,"20cd4dc7-9f4e-4f59-a7f9-dff5b1852aa4":true,"1f037425-1662-4ed8-93ce-157f04a2e8af":true,"f1aaf796-e536-4389-b940-1a70f53b4f64":true,"fabe9b05-7e09-417a-ad27-e65ff9baa5a5":true},"HitsFilterType":{"MyHistory":"MyHistory","MyContracts":"MyContracts"},"VideoShown":{"VideoShown_briefing_mongoose":true,"VideoShown_briefing_skunk":true,"VideoShown_briefing_magpie":true,"VideoShown_briefing_raccoon":true,"VideoShown_briefing_stingray":true,"VideoShown_briefing_peacock":true,"VideoShown_briefing_octopus":true},"EpilogueSeen":{},"__stats":{}},"opportunityprogression":{},"friends":[],"achievements":[]},"ETag":null,"Gamertag":"M0NIX","DevId":null,"SteamId":null,"StadiaId":null,"EpicId":"bbd8868ce5a6464981bf401f3b021a6c","NintendoId":null,"XboxLiveId":null,"PSNAccountId":null,"PSNOnlineId":null}