{"h1":{"selected":null,"loadouts":[]},"h2":{"selected":null,"loadouts":[]},"h3":{"selected":"Unnamed loadout set","loadouts":[{"name":"Unnamed loadout set","data":{"LOCATION_MUMBAI":{"2":"FIREARMS_PISTOL_GOLD_BALLER","3":"TOKEN_OUTFIT_MONGOOSE_ELUSIVE_SUIT","4":"PROP_MELEE_EXPANDABLE_BATON","5":"PROP_TOOL_LOCK_PICK_CLASSIC"},"LOCATION_NORTHAMERICA":{"2":"FIREARMS_HERO_PISTOL_TACTICAL_015_SU_SKIN05","3":"TOKEN_OUTFIT_REWARD_HERO_GECKO_SUIT","4":"PROP_TOOL_LOCK_PICK_CLASSIC","5":"PROP_MELEE_EXPANDABLE_BATON"},"LOCATION_NORTHSEA":{"2":"FIREARMS_HERO_PISTOL_KRUGERMEIER","3":"TOKEN_OUTFIT_GOLDEN_MASK","4":"PROP_MELEE_EXPANDABLE_BATON","5":"PROP_TOOL_LOCK_PICK_CLASSIC"},"LOCATION_GREEDY_RACCOON":{"2":"FIREARMS_HERO_PISTOL_KRUGERMEIER_SPECTRE","3":"TOKEN_OUTFIT_BANK_STARTING_SUIT_REWARD","4":"PROP_DEVICE_KEYCARD_HACKER_S3","5":"PROP_MELEE_EXPANDABLE_BATON"},"LOCATION_OPULENT_STINGRAY":{"2":"FIREARMS_PISTOL_DARTGUN_SEDATIVE_KALMER_2","3":"TOKEN_OUTFIT_OPULENT_HERO_OPULENTSUIT","4":"PROP_TOOL_LOCK_PICK_CLASSIC","5":"PROP_MELEE_EXPANDABLE_BATON"}}}]}}